Anio;Mes;entidad; Saldo_tc ;cupo_no_utilizado; tc_Vigentes ; tc_canceladas 
2013;Enero;BANCO BOGOTA;1.577.239.361.336;2.104.702.087.222;683.852;8.240
2013;Enero;BANCO POPULAR;73.131.298.284;82.346.672.395;61.730;373
2013;Enero;BANCO CORPBANCA;384.873.641.312;695.751.266.454;137.459;1.487
2013;Enero;BANCOLOMBIA;2.385.166.535.331;6.492.142.901.453;1.392.001;19.361
2013;Enero;CITIBANK;1.716.070.831.733;2.341.611.315.676;523.550;16.691
2013;Enero;GNB SUDAMERIS;25.473.125.628;80.904.022.314;9.923;202
2013;Enero;BBVA COLOMBIA;1.026.976.018.092;1.198.446.092.222;415.863;6.074
2013;Enero;DE OCCIDENTE;637.011.822.578;2.276.033.320.695;434.248;5.936
2013;Enero;BCSC BANCO CAJA SOCIAL;264.995.942.564;334.722.419.172;241.959;6.136
2013;Enero;DAVIVIENDA;3.178.529.157.041;4.957.656.575.068;1.789.846;27.236
2013;Enero;RED MULTIBANCA COLPATRIA;2.615.367.146.751;3.269.812.277.742;1.887.532;14.466
2013;Febrero;BANCO BOGOTA;1.617.862.591.939;2.112.871.170.853;697.171;8.133
2013;Febrero;BANCO POPULAR;73.863.039.992;82.313.071.949;62.092;81
2013;Febrero;BANCO CORPBANCA;375.114.373.857;701.508.897.553;136.893;1.234
2013;Febrero;BANCOLOMBIA;2.442.304.118.226;6.589.797.796.006;1.392.307;19.182
2013;Febrero;CITIBANK;1.712.138.847.186;2.377.062.331.928;526.321;16.487
2013;Febrero;GNB SUDAMERIS;28.807.918.714;78.234.992.114;9.946;209
2013;Febrero;BBVA COLOMBIA;1.013.838.648.300;1.218.908.968.687;414.506;5.236
2013;Febrero;DE OCCIDENTE;651.070.345.952;2.365.336.188.606;436.365;5.926
2013;Febrero;BCSC BANCO CAJA SOCIAL;260.625.884.828;343.083.567.719;243.072;3.829
2013;Febrero;DAVIVIENDA;3.215.050.175.911;4.993.280.187.008;1.809.123;35.844
2013;Febrero;RED MULTIBANCA COLPATRIA;2.592.214.294.803;3.347.867.504.790;1.897.399;15.088
2013;Marzo;BANCO BOGOTA;1.656.981.307.153;2.110.654.049.567;688.383;9.035
2013;Marzo;BANCO POPULAR;73.345.711.912;79.901.945.270;62.506;135
2013;Marzo;BANCO CORPBANCA;371.512.724.139;701.204.490.023;136.850;1.015
2013;Marzo;BANCOLOMBIA;2.451.749.101.387;6.667.223.800.330;1.398.600;18.521
2013;Marzo;CITIBANK;1.694.517.185.328;2.431.250.842.005;528.722;15.935
2013;Marzo;GNB SUDAMERIS;28.691.960.211;79.688.353.659;9.717;145
2013;Marzo;BBVA COLOMBIA;1.006.064.178.636;1.235.297.266.612;413.524;5.226
2013;Marzo;DE OCCIDENTE;671.148.532.424;1.903.507.659.839;440.265;5.940
2013;Marzo;BCSC BANCO CAJA SOCIAL;259.448.906.153;348.445.367.754;245.130;3.838
2013;Marzo;DAVIVIENDA;3.227.247.007.617;4.989.863.505.597;1.803.219;27.289
2013;Marzo;RED MULTIBANCA COLPATRIA;2.596.497.820.350;3.381.508.906.660;1.910.450;13.713
2013;abril;BANCO BOGOTA;1.694.141.984.685;2.200.348.851.233;737.510;9.552
2013;abril;BANCO POPULAR;84.198.214.314;79.249.221.045;64.058;145
2013;abril;BANCO CORPBANCA;353.854.737.751;706.369.876.421;136.906;1.200
2013;abril;BANCOLOMBIA;2.520.781.797.220;4.902.737.953.868;1.468.710;20.144
2013;abril;CITIBANK;1.686.999.209.187;2.468.569.914.222;530.413;17.821
2013;abril;GNB SUDAMERIS;28.675.194.775;78.671.659.593;9.524;134
2013;abril;BBVA COLOMBIA;1.031.760.023.803;1.263.212.515.417;423.328;6.718
2013;abril;DE OCCIDENTE;704.353.057.645;1.979.670.373.586;458.444;5.333
2013;abril;BCSC BANCO CAJA SOCIAL;262.393.173.942;373.195.328.904;252.935;6.163
2013;abril;DAVIVIENDA;3.200.875.495.430;5.086.000.089.638;1.666.478;23.479
2013;abril;RED MULTIBANCA COLPATRIA;2.627.740.489.697;3.847.200.831.012;1.957.476;17.292
2013;mayo;BANCO BOGOTA;1.693.646.729.516;2.136.542.798.278;728.710;10.270
2013;mayo;BANCO POPULAR;81.741.811.583;78.859.740.637;63.337;159
2013;mayo;BANCO CORPBANCA;358.757.343.370;704.711.703.811;136.778;1.503
2013;mayo;BANCOLOMBIA;2.557.800.996.373;4.852.039.509.263;1.453.484;20.109
2013;mayo;CITIBANK;1.690.887.775.889;2.451.331.529.867;531.702;18.253
2013;mayo;GNB SUDAMERIS;29.165.288.013;77.194.878.799;9.634;165
2013;mayo;BBVA COLOMBIA;1.026.492.642.539;1.261.568.567.609;423.512;9.013
2013;mayo;DE OCCIDENTE;694.068.172.104;1.830.116.404.152;452.548;4.173
2013;mayo;BCSC BANCO CAJA SOCIAL;264.216.211.882;366.859.912.284;249.916;4.720
2013;mayo;DAVIVIENDA;3.207.623.902.038;5.085.589.879.082;1.667.815;28.840
2013;mayo;RED MULTIBANCA COLPATRIA;2.594.479.430.062;3.854.026.684.325;1.938.939;18.329
2013;junio;BANCO BOGOTA;1.694.141.984.685;2.200.348.851.233;737.510;9.552
2013;junio;BANCO POPULAR;84.198.214.314;79.249.221.045;64.058;145
2013;junio;BANCO CORPBANCA;353.854.737.751;706.369.876.421;136.906;1.200
2013;junio;BANCOLOMBIA;2.520.781.797.220;4.902.737.953.868;1.468.710;20.144
2013;junio;CITIBANK;1.686.999.209.187;2.468.569.914.222;530.413;17.821
2013;junio;GNB SUDAMERIS;28.675.194.775;78.671.659.593;9.524;134
2013;junio;BBVA COLOMBIA;1.031.760.023.803;1.263.212.515.417;423.328;6.718
2013;junio;DE OCCIDENTE;704.353.057.645;1.979.670.373.586;458.444;5.333
2013;junio;BCSC BANCO CAJA SOCIAL;262.393.173.942;373.195.328.904;252.935;6.163
2013;junio;DAVIVIENDA;3.200.875.495.430;5.086.000.089.638;1.666.478;23.479
2013;junio;RED MULTIBANCA COLPATRIA;2.627.740.489.697;3.847.200.831.012;1.957.476;17.292
2013;julio;BANCO BOGOTA;1.727.678.261.784;2.247.857.859.492;755.259;10.455
2013;julio;BANCO POPULAR;87.317.929.765;78.457.193.038;64.775;217
2013;julio;BANCO CORPBANCA;352.255.002.861;703.896.967.829;136.774;1.142
2013;julio;BANCOLOMBIA;2.569.023.417.373;4.725.053.705.665;1.496.408;22.892
2013;julio;CITIBANK;1.685.773.403.054;2.527.335.633.834;533.316;19.112
2013;julio;GNB SUDAMERIS;27.995.554.388;78.281.092.785;9.812;138
2013;julio;BBVA COLOMBIA;1.042.316.345.013;1.295.651.910.372;430.019;7.657
2013;julio;DE OCCIDENTE;705.785.075.269;1.827.197.133.427;463.529;7.999
2013;julio;BCSC BANCO CAJA SOCIAL;266.941.215.843;375.864.436.416;256.392;5.199
2013;julio;DAVIVIENDA;3.177.305.425.346;5.129.119.921.657;1.654.698;30.091
2013;julio;RED MULTIBANCA COLPATRIA;2.649.214.624.260;3.924.413.667.594;1.977.883;17.086
2013;agosto;BANCO BOGOTA;1.763.902.286.733;2.333.009.873.571;765.520;10.054
2013;agosto;BANCO POPULAR;90.092.468.533;78.867.022.722;65.588;147
2013;agosto;BANCO CORPBANCA;344.716.712.987;711.219.861.906;136.658;993
2013;agosto;BANCOLOMBIA;2.620.056.758.716;4.770.576.887.642;1.486.292;21.654
2013;agosto;CITIBANK;1.687.619.725.401;2.536.588.148.805;533.278;20.512
2013;agosto;GNB SUDAMERIS;28.511.537.045;77.641.579.377;9.396;183
2013;agosto;BBVA COLOMBIA;1.045.601.007.827;1.321.353.447.898;434.535;6.445
2013;agosto;DE OCCIDENTE;719.032.991.676;1.943.235.369.838;468.982;5.570
2013;agosto;BCSC BANCO CAJA SOCIAL;269.756.430.793;369.949.007.660;257.012;6.133
2013;agosto;DAVIVIENDA;3.176.584.998.829;4.925.455.101.811;1.641.661;34.620
2013;agosto;RED MULTIBANCA COLPATRIA;2.713.702.396.145;3.922.663.627.376;1.998.568;16.222
2013;septiembre;BANCO BOGOTA;1.816.489.435.962;2.333.714.846.193;788.017;10.348
2013;septiembre;BANCO POPULAR;94.057.416.611;79.382.533.941;66.695;177
2013;septiembre;BANCO CORPBANCA;341.701.027.552;715.927.756.452;136.920;1.103
2013;septiembre;BANCOLOMBIA;2.591.582.305.317;4.840.851.445.312;1.501.676;22.834
2013;septiembre;CITIBANK;1.698.429.815.960;2.581.117.347.976;536.393;19.305
2013;septiembre;GNB SUDAMERIS;28.883.024.395;73.065.135.802;9.451;315
2013;septiembre;BBVA COLOMBIA;1.057.268.954.685;1.342.009.385.484;437.411;7.650
2013;septiembre;DE OCCIDENTE;729.000.903.632;1.840.424.575.283;471.837;7.390
2013;septiembre;BCSC BANCO CAJA SOCIAL;264.228.297.108;376.641.302.161;256.351;6.773
2013;septiembre;DAVIVIENDA;3.175.574.355.288;4.941.490.687.792;1.636.268;24.282
2013;septiembre;RED MULTIBANCA COLPATRIA;2.759.846.285.000;3.955.153.624.369;2.013.608;17.660
2013;octubre;BANCO BOGOTA;1.861.685.269.549;2.334.771.170.010;811.137;10.972
2013;octubre;BANCO POPULAR;97.772.906.967;80.210.365.330;67.840;104
2013;octubre;BANCO CORPBANCA;338.284.961.616;716.603.507.946;137.230;1.153
2013;octubre;BANCOLOMBIA;2.596.464.980.375;4.870.131.871.218;1.533.712;25.627
2013;octubre;CITIBANK;1.698.373.967.480;2.599.211.809.503;534.103;23.270
2013;octubre;GNB SUDAMERIS;29.075.141.020;71.180.044.006;9.271;127
2013;octubre;BBVA COLOMBIA;1.072.441.924.949;1.525.411.496.625;445.189;7.002
2013;octubre;DE OCCIDENTE;863.562.805.449;2.426.649.086.056;465.055;12.328
2013;octubre;BCSC BANCO CAJA SOCIAL;273.539.277.777;378.060.656.999;257.587;5.124
2013;octubre;DAVIVIENDA;3.144.303.688.657;4.977.546.119.115;1.628.186;28.961
2013;octubre;RED MULTIBANCA COLPATRIA;2.751.414.493.678;4.076.791.397.238;2.021.396;21.891
2013;noviembre;BANCO BOGOTA;1.204.071.777.768;1.204.071.777.768;811.803;21.087
2013;noviembre;BANCO POPULAR;99.895.851.118;99.895.851.118;68.549;273
2013;noviembre;BANCO CORPBANCA;173.191.874.576;173.191.874.576;137.502;814
2013;noviembre;BANCOLOMBIA;672.263.069.928;672.263.069.928;1.540.577;19.997
2013;noviembre;CITIBANK;1.055.409.769.737;1.055.409.769.737;534.918;22.206
2013;noviembre;GNB SUDAMERIS;29.612.504.028;29.612.504.028;8.991;109
2013;noviembre;BBVA COLOMBIA;690.633.420.347;690.633.420.347;452.931;7.275
2013;noviembre;DE OCCIDENTE;342.981.286.559;342.981.286.559;468.238;3.689
2013;noviembre;BCSC BANCO CAJA SOCIAL;164.242.774.306;164.242.774.306;258.920;4.632
2013;noviembre;DAVIVIENDA;1.314.078.095.880;1.314.078.095.880;1.620.516;24.702
2013;noviembre;RED MULTIBANCA COLPATRIA;1.121.085.147.439;1.121.085.147.439;2.030.371;17.391
2013;diciembre;BANCO BOGOTA;1.942.213.590.803;1.514.931.760.927;839.332;9.983
2013;diciembre;BANCO POPULAR;100.911.121.735;90.204.907.030;69.357;206
2013;diciembre;BANCO CORPBANCA;334.467.117.534;361.320.050.755;137.173;2.189
2013;diciembre;BANCOLOMBIA;2.637.012.453.687;1.344.450.874.238;1.587.329;27.437
2013;diciembre;CITIBANK;1.718.535.318.579;1.571.295.499.845;534.876;23.296
2013;diciembre;GNB SUDAMERIS;30.021.194.308;73.252.860.516;9.126;164
2013;diciembre;BBVA COLOMBIA;1.122.066.144.381;1.008.206.461.420;464.435;7.840
2013;diciembre;DE OCCIDENTE;884.780.947.893;792.342.226.005;468.177;10.101
2013;diciembre;BCSC BANCO CAJA SOCIAL;263.755.247.865;239.534.375.862;255.173;4.757
2013;diciembre;DAVIVIENDA;3.143.306.094.979;1.786.714.697.194;1.613.276;27.529
2013;diciembre;RED MULTIBANCA COLPATRIA;2.886.834.612.108;1.730.821.927.763;2.044.143;16.368
2014;Enero;BANCO BOGOTA;1.970.449.487.497; 2.343.503.791.707 ;845.020;11.719
2014;Enero;BANCO POPULAR;102.240.773.727; 89.079.036.738 ;69.897;317
2014;Enero;BANCO CORPBANCA;330.761.074.330; 721.577.365.364 ;136.598;976
2014;Enero;BANCOLOMBIA;2.701.191.671.362; 4.885.365.576.041 ;1.555.726;25.538
2014;Enero;CITIBANK;1.715.800.284.028; 2.620.685.903.753 ;532.466;24.342
2014;Enero;GNB SUDAMERIS;25.963.032.696; 73.548.316.158 ;8.887;228
2014;Enero;BBVA COLOMBIA;1.146.137.230.170; 1.530.655.182.184 ;466.420;6.925
2014;Enero;DE OCCIDENTE;884.152.349.513; 2.425.164.441.825 ;467.376;8.023
2014;Enero;BCSC BANCO CAJA SOCIAL;275.388.241.135; 389.701.375.372 ;258.488;5.050
2014;Enero;DAVIVIENDA;3.124.748.368.872; 5.086.058.806.562 ;1.598.396;27.444
2014;Enero;RED MULTIBANCA COLPATRIA;2.907.119.406.032; 4.156.984.215.363 ;2.044.806;20.250
2014;Febrero;BANCO BOGOTA;2.000.294.034.463; 2.221.934.422.689 ;852.737;10.938
2014;Febrero;BANCO POPULAR;103.474.965.783; 91.730.311.282 ;70.542;286
2014;Febrero;BANCO CORPBANCA;326.201.078.709; 727.856.751.466 ;135.560;927
2014;Febrero;BANCOLOMBIA;2.659.453.336.861; 4.990.763.020.203 ;1.560.910;22.964
2014;Febrero;CITIBANK;1.732.644.079.488; 2.587.807.559.665 ;536.482;22.336
2014;Febrero;GNB SUDAMERIS;29.098.955.119; 72.643.382.599 ;8.805;146
2014;Febrero;BBVA COLOMBIA;1.142.814.168.493; 1.549.019.778.757 ;465.875;7.500
2014;Febrero;DE OCCIDENTE;885.767.011.694; 2.443.525.220.203 ;470.952;4.668
2014;Febrero;BCSC BANCO CAJA SOCIAL;270.744.196.421; 393.177.150.213 ;258.618;5.347
2014;Febrero;DAVIVIENDA;3.090.822.403.141; 5.152.601.305.598 ;1.588.091;15.972
2014;Febrero;RED MULTIBANCA COLPATRIA;2.901.705.193.288; 4.140.498.389.578 ;2.057.213;18.936
2014;Marzo;BANCO BOGOTA;2.051.465.079.696; 2.308.156.234.411 ;856.401;11.925
2014;Marzo;BANCO POPULAR;105.269.167.511; 95.360.491.773 ;71.406;273
2014;Marzo;BANCO CORPBANCA;326.232.791.058; 738.474.128.887 ;135.242;945
2014;Marzo;BANCOLOMBIA;2.664.025.159.267; 5.018.367.626.893 ;1.569.555;22.404
2014;Marzo;CITIBANK;1.746.839.132.989; 2.613.419.522.222 ;538.896;22.658
2014;Marzo;GNB SUDAMERIS;29.751.944.078; 69.852.537.607 ;9.026;120
2014;Marzo;BBVA COLOMBIA;1.152.143.193.998; 1.589.091.215.318 ;465.886;5.015
2014;Marzo;DE OCCIDENTE;900.125.557.831; 636.861.584.460 ;475.368;6.049
2014;Marzo;BCSC BANCO CAJA SOCIAL;264.275.570.288; 2.452.018.625.241 ;259.153;5.380
2014;Marzo;DAVIVIENDA;3.064.566.327.812; 399.593.095.652 ;1.575.873;26.645
2014;Marzo;RED MULTIBANCA COLPATRIA;2.873.498.879.080; 5.214.741.196.550 ;2.073.639;18.172
2014;abril;BANCO BOGOTA;2.097.772.228.326; 2.331.241.616.450 ;871.863;12.210
2014;abril;BANCO POPULAR;109.090.642.527; 94.646.503.295 ;72.373;334
2014;abril;BANCO CORPBANCA;329.917.143.073; 740.050.384.904 ;134.940;899
2014;abril;BANCOLOMBIA;2.707.370.000.823; 5.047.752.998.505 ;1.577.628;22.068
2014;abril;CITIBANK;1.777.598.539.968; 2.574.270.414.516 ;538.266;29.890
2014;abril;GNB SUDAMERIS;29.434.949.245; 71.258.707.867 ;8.949;105
2014;abril;BBVA COLOMBIA;1.168.091.437.571; 1.593.541.594.715 ;479.319;6.019
2014;abril;DE OCCIDENTE;914.336.789.418; 2.569.350.160.069 ;478.100;6.089
2014;abril;BCSC BANCO CAJA SOCIAL;269.479.373.128; 415.717.634.898 ;259.923;5.619
2014;abril;DAVIVIENDA;3.060.680.297.389; 5.206.383.951.917 ;1.567.753;27.380
2014;abril;RED MULTIBANCA COLPATRIA;2.877.889.397.496; 2.821.844.565.514 ;2.083.804;16.068
2014;mayo;BANCO BOGOTA;2.116.126.981.671; 2.364.176.861.459 ;858.546;12.454
2014;mayo;BANCO POPULAR;111.834.407.676; 95.334.404.366 ;73.431;246
2014;mayo;BANCO CORPBANCA;338.212.954.293; 736.735.270.534 ;134.909;904
2014;mayo;BANCOLOMBIA;2.751.178.473.370; 5.068.588.274.459 ;1.588.660;22.002
2014;mayo;CITIBANK;1.788.888.868.316; 2.625.746.038.866 ;540.836;40.047
2014;mayo;GNB SUDAMERIS;27.550.874.584; 69.876.305.885 ;8.799;133
2014;mayo;BBVA COLOMBIA;1.188.136.802.942; 1.616.075.067.647 ;484.648;6.837
2014;mayo;DE OCCIDENTE;940.852.811.100; 2.570.485.331.977 ;478.064;6.407
2014;mayo;BCSC BANCO CAJA SOCIAL;270.822.557.388; 411.676.655.479 ;260.426;6.547
2014;mayo;DAVIVIENDA;3.074.569.507.008; 5.365.380.426.178 ;1.563.407;22.847
2014;mayo;RED MULTIBANCA COLPATRIA;2.884.340.936.492; 1.436.854.908.779 ;2.106.885;11.944
2014;junio;BANCO BOGOTA;2.103.754.754.865; 2.395.515.924.780 ;853.189;12.393
2014;junio;BANCO POPULAR;113.296.476.988; 97.004.261.392 ;74.360;175
2014;junio;BANCO CORPBANCA;673.748.237.317; 1.363.059.558.498 ;273.812;2.820
2014;junio;BANCOLOMBIA;2.757.067.244.219; 5.188.025.228.908 ;1.600.008;20.840
2014;junio;CITIBANK;1.789.233.509.245; 2.604.708.882.227 ;684.864;30.548
2014;junio;GNB SUDAMERIS;101.376.489.646; 71.320.547.363 ;34.603;415
2014;junio;BBVA COLOMBIA;28.376.478.502; 1.631.865.810.479 ;8.737;100
2014;junio;DE OCCIDENTE;952.341.613.617; 2.573.848.068.997 ;482.879;5.550
2014;junio;BCSC BANCO CAJA SOCIAL;270.680.946.588; 417.282.642.977 ;260.443;4.966
2014;junio;DAVIVIENDA;3.086.815.883.146; 5.411.250.142.271 ;1.563.646;17.599
2014;junio;RED MULTIBANCA COLPATRIA;2.909.466.909.240; 1.417.816.680.807 ;2.138.736;9.575
2014;julio;BANCO BOGOTA;2.125.282.181.967; 2.392.499.076.288 ;874.913;14.806
2014;julio;BANCO POPULAR;116.014.772.655; 97.226.841.003 ;75.476;396
2014;julio;BANCO CORPBANCA;691.052.531.196; 1.393.455.971.839 ;285.967;3.204
2014;julio;BANCOLOMBIA;2.769.650.868.377; 5.163.680.497.668 ;1.626.605;27.750
2014;julio;CITIBANK;1.776.281.094.455; 2.622.674.056.748 ;684.982;30.129
2014;julio;GNB SUDAMERIS;100.591.317.201; 70.186.497.021 ;34.570;563
2014;julio;BBVA COLOMBIA;26.154.875.840; 1.665.395.306.810 ;8.773;138
2014;julio;DE OCCIDENTE;983.574.667.110; 2.579.195.828.512 ;486.131;6.928
2014;julio;BCSC BANCO CAJA SOCIAL;276.959.803.867; 418.178.881.562 ;261.015;5.549
2014;julio;DAVIVIENDA;3.076.849.199.725; 5.460.201.113.443 ;1.554.606;22.152
2014;julio;RED MULTIBANCA COLPATRIA;2.905.569.839.644; 1.425.357.459.414 ;2.146.642;13.649
2014;agosto;BANCO BOGOTA;2.144.815.238.739; 2.396.447.590.473 ;864.782;13.677
2014;agosto;BANCO POPULAR;118.093.134.141; 98.311.815.154 ;76.672;123
2014;agosto;BANCO CORPBANCA;685.147.705.696; 1.396.037.780.158 ;287.598;2.278
2014;agosto;BANCOLOMBIA;2.818.186.479.992; 5.255.080.851.670 ;1.602.683;25.361
2014;agosto;CITIBANK;1.790.591.087.497; 2.579.998.004.908 ;684.963;37.549
2014;agosto;GNB SUDAMERIS;98.917.820.999; 70.477.936.529 ;28.207;327
2014;agosto;BBVA COLOMBIA;25.945.771.884; 1.674.610.327.956 ;8.667;113
2014;agosto;DE OCCIDENTE;1.004.130.558.874; 2.003.781.962.196 ;491.555;5.567
2014;agosto;BCSC BANCO CAJA SOCIAL;273.595.989.568; 419.968.041.412 ;261.215;5.045
2014;agosto;DAVIVIENDA;3.090.113.384.387; 5.442.973.822.319 ;1.547.057;34.634
2014;agosto;RED MULTIBANCA COLPATRIA;2.965.778.395.689; 4.730.314.227.278 ;2.163.806;12.215
2014;septiembre;BANCO BOGOTA;2.179.141.522.168; 2.437.226.419.875 ;885.274;16.006
2014;septiembre;BANCO POPULAR;122.552.555.582; 98.617.435.049 ;78.114;359
2014;septiembre;BANCO CORPBANCA;687.971.753.295; 1.402.514.365.106 ;288.995;3.030
2014;septiembre;BANCOLOMBIA;2.824.950.045.625; 5.321.969.821.834 ;1.625.729;28.345
2014;septiembre;CITIBANK;1.827.322.856.287; 2.619.439.390.562 ;689.816;29.012
2014;septiembre;GNB SUDAMERIS;97.178.778.374; 69.481.837.674 ;29.282;559
2014;septiembre;BBVA COLOMBIA;28.882.772.145; 1.727.652.601.799 ;8.585;106
2014;septiembre;DE OCCIDENTE;1.029.431.378.911; 1.974.598.149.907 ;497.209;7.275
2014;septiembre;BCSC BANCO CAJA SOCIAL;265.586.140.394; 422.367.374.053 ;261.746;5.951
2014;septiembre;DAVIVIENDA;3.098.157.812.579; 5.497.118.648.197 ;1.543.541;16.660
2014;septiembre;RED MULTIBANCA COLPATRIA;3.048.455.251.518; 4.991.606.030.878 ;2.157.034;23.979
2014;octubre;BANCO BOGOTA;2.202.515.350.268; 2.442.383.226.699 ;899.100;15.004
2014;octubre;BANCO POPULAR;126.076.255.573; 98.725.797.643 ;79.388;234
2014;octubre;BANCO CORPBANCA;682.600.453.142; 1.413.202.110.311 ;290.576;2.868
2014;octubre;BANCOLOMBIA;2.944.718.353.774; 5.383.103.448.329 ;1.641.004;29.296
2014;octubre;CITIBANK;1.871.715.425.535; 2.627.686.265.796 ;697.620;23.200
2014;octubre;GNB SUDAMERIS;116.852.073.822; 293.882.595.878 ;35.483;1.266
2014;octubre;BBVA COLOMBIA;1.261.897.380.916; 1.692.090.903.272 ;537.848;8.834
2014;octubre;DE OCCIDENTE;1.043.719.659.864; 1.980.705.913.046 ;499.334;5.685
2014;octubre;BCSC BANCO CAJA SOCIAL;276.883.568.834; 426.767.396.377 ;262.481;5.529
2014;octubre;DAVIVIENDA;3.096.230.734.702; 5.849.164.840.421 ;1.536.424;22.665
2014;octubre;RED MULTIBANCA COLPATRIA;3.072.498.538.155; 4.727.652.825.464 ;2.143.548;21.526
2014;noviembre;BANCO BOGOTA;2.202.515.350.268; 2.442.383.226.699 ;899.100;15.004
2014;noviembre;BANCO POPULAR;126.076.255.573; 98.725.797.643 ;79.388;234
2014;noviembre;BANCO CORPBANCA;682.600.453.142; 1.413.202.110.311 ;290.576;2.868
2014;noviembre;BANCOLOMBIA;2.944.718.353.774; 5.383.103.448.329 ;1.641.004;29.296
2014;noviembre;CITIBANK;1.871.715.425.535; 2.627.686.265.796 ;697.620;23.200
2014;noviembre;GNB SUDAMERIS;116.852.073.822; 293.882.595.878 ;35.483;1.266
2014;noviembre;BBVA COLOMBIA;1.261.897.380.916; 1.692.090.903.272 ;537.848;8.834
2014;noviembre;DE OCCIDENTE;1.043.719.659.864; 1.980.705.913.046 ;499.334;5.685
2014;noviembre;BCSC BANCO CAJA SOCIAL;276.883.568.834; 426.767.396.377 ;262.481;5.529
2014;noviembre;DAVIVIENDA;3.096.230.734.702; 5.849.164.840.421 ;1.536.424;22.665
2014;noviembre;RED MULTIBANCA COLPATRIA;3.072.498.538.155; 4.727.652.825.464 ;2.143.548;21.526
2014;diciembre;BANCO BOGOTA;2.264.756.602.494; 2.397.459.295.252 ;898.595;24.087
2014;diciembre;BANCO POPULAR;129.918.459.064; 104.474.634.311 ;81.367;207
2014;diciembre;BANCO CORPBANCA;677.536.513.349; 1.424.125.752.951 ;291.311;2.364
2014;diciembre;BANCOLOMBIA;2.952.956.055.864; 5.440.855.484.883 ;1.652.154;72.396
2014;diciembre;CITIBANK;1.891.459.314.407; 2.662.602.165.486 ;692.810;28.544
2014;diciembre;GNB SUDAMERIS;114.722.417.535; 280.649.982.319 ;33.306;1.599
2014;diciembre;BBVA COLOMBIA;1.335.034.699.195; 1.950.140.998.322 ;557.265;29.984
2014;diciembre;DE OCCIDENTE;1.067.587.029.590; 1.890.724.822.291 ;512.366;6.405
2014;diciembre;BCSC BANCO CAJA SOCIAL;272.905.076.335; 438.503.915.996 ;262.273;5.402
2014;diciembre;DAVIVIENDA;3.184.836.368.111; 5.780.416.130.575 ;1.524.827;27.381
2014;diciembre;RED MULTIBANCA COLPATRIA;3.217.728.827.400; 4.637.001.496.712 ;2.174.254;20.333
2015;Enero;BANCO BOGOTA;2.256.702.289.262; 2.256.702.289.262 ;879.346;10.021
2015;Enero;BANCO POPULAR;131.189.210.854; 131.189.210.854 ;82.316;205
2015;Enero;BANCO CORPBANCA;677.998.552.232; 677.998.552.232 ;290.504;2.783
2015;Enero;BANCOLOMBIA;2.667.651.048.493; 2.667.651.048.493 ;1.661.297;29.577
2015;Enero;CITIBANK;1.876.998.985.325; 1.876.998.985.325 ;689.105;15.491
2015;Enero;GNB SUDAMERIS;110.456.387.915; 110.456.387.915 ;32.318;1.362
2015;Enero;BBVA COLOMBIA;1.360.722.369.873; 1.360.722.369.873 ;563.883;10.275
2015;Enero;DE OCCIDENTE;1.063.038.276.494; 1.063.038.276.494 ;514.829;6.602
2015;Enero;BCSC BANCO CAJA SOCIAL;286.712.601.820; 286.712.601.820 ;261.123;5.251
2015;Enero;DAVIVIENDA;3.176.714.654.086; 3.176.714.654.086 ;1.507.922;22.866
2015;Enero;RED MULTIBANCA COLPATRIA;3.253.266.836.201; 3.253.266.836.201 ;2.176.217;19.926
2015;Febrero;BANCO BOGOTA;1.471.374.801.410; 2.253.180.379.404 ;900.784;12.916
2015;Febrero;BANCO POPULAR;132.529.030.164; 132.529.030.164 ;83.184;259
2015;Febrero;BANCO CORPBANCA;360.481.216.380; 669.459.282.469 ;290.180;2.956
2015;Febrero;BANCOLOMBIA;721.832.898.956; 2.649.108.027.652 ;1.688.857;29.655
2015;Febrero;CITIBANK;1.146.903.288.224; 1.869.944.525.709 ;708.449;14.534
2015;Febrero;GNB SUDAMERIS;87.608.403.821; 115.325.349.504 ;32.101;1.399
2015;Febrero;BBVA COLOMBIA;879.988.104.591; 1.366.826.214.876 ;568.653;10.242
2015;Febrero;DE OCCIDENTE;451.256.885.509; 1.074.581.825.216 ;520.894;5.861
2015;Febrero;BCSC BANCO CAJA SOCIAL;176.414.860.595; 281.050.070.571 ;261.241;5.517
2015;Febrero;DAVIVIENDA;1.365.858.960.991; 3.138.610.788.947 ;1.504.173;15.328
2015;Febrero;RED MULTIBANCA COLPATRIA;1.249.062.964.102; 3.237.787.247.344 ;2.195.564;18.978
2015;Marzo;BANCO BOGOTA;2.276.766.916.690; 2.418.673.219.146 ;902.245;15.355
2015;Marzo;BANCO POPULAR;134.132.203.733; 108.246.106.412 ;83.456;292
2015;Marzo;BANCO CORPBANCA;679.743.569.918; 1.424.425.954.136 ;290.915;2.784
2015;Marzo;BANCOLOMBIA;2.962.968.653.482; 5.467.993.413.717 ;1.630.002;30.138
2015;Marzo;CITIBANK;1.867.805.337.691; 2.739.778.374.240 ;694.054;17.804
2015;Marzo;GNB SUDAMERIS;106.459.513.060; 265.538.375.182 ;31.020;1.345
2015;Marzo;BBVA COLOMBIA;1.397.304.269.260; 1.975.396.055.450 ;583.519;9.374
2015;Marzo;DE OCCIDENTE;1.095.255.843.269; 1.921.515.688.958 ;527.038;6.683
2015;Marzo;BCSC BANCO CAJA SOCIAL;270.405.417.392; 440.452.036.010 ;261.879;6.014
2015;Marzo;DAVIVIENDA;3.142.762.472.874; 5.895.257.120.508 ;1.502.098;18.312
2015;Marzo;RED MULTIBANCA COLPATRIA;3.210.114.244.666; 4.813.593.545.694 ;2.206.055;22.201
2015;abril;BANCO BOGOTA;2.305.230.270.185; 2.400.661.909.215 ;546.705;8.607
2015;abril;BANCO POPULAR;135.122.525.299; 107.838.090.722 ;83.815;336
2015;abril;BANCO CORPBANCA;674.379.618.748; 1.429.999.473.626 ;156.571;1.645
2015;abril;BANCOLOMBIA;3.023.798.081.508; 5.464.454.624.443 ;459.356;7.904
2015;abril;CITIBANK;1.885.199.462.094; 2.733.820.060.040 ;414.299;10.901
2015;abril;GNB SUDAMERIS;112.792.588.009; 258.796.620.662 ;21.980;680
2015;abril;BBVA COLOMBIA;1.413.733.542.467; 1.974.172.062.359 ;353.981;4.667
2015;abril;DE OCCIDENTE;1.112.644.365.849; 1.917.839.620.079 ;251.717;3.939
2015;abril;BCSC BANCO CAJA SOCIAL;264.868.967.582; 442.492.237.592 ;165.496;3.711
2015;abril;DAVIVIENDA;3.138.651.508.091; 5.978.207.258.982 ;563.692;6.503
2015;abril;RED MULTIBANCA COLPATRIA;3.196.441.585.926; 4.950.141.897.732 ;645.296;10.392
2015;mayo;BANCO BOGOTA;2.295.122.845.285; 2.424.685.398.241 ;897.272;15.077
2015;mayo;BANCO POPULAR;135.783.364.898; 107.899.833.538 ;84.289;152
2015;mayo;BANCO CORPBANCA;679.309.700.752; 1.430.344.354.339 ;290.968;2.562
2015;mayo;BANCOLOMBIA;3.160.272.403.029; 5.432.635.046.748 ;1.623.954;28.270
2015;mayo;CITIBANK;1.888.106.138.265; 2.750.867.744.043 ;700.018;16.670
2015;mayo;GNB SUDAMERIS;106.685.649.514; 258.858.979.846 ;30.356;873
2015;mayo;BBVA COLOMBIA;1.433.677.929.817; 1.992.801.391.767 ;588.771;16.020
2015;mayo;DE OCCIDENTE;1.136.858.986.089; 1.924.958.236.955 ;538.434;6.215
2015;mayo;BCSC BANCO CAJA SOCIAL;276.145.314.726; 442.056.982.759 ;264.602;5.303
2015;mayo;DAVIVIENDA;3.177.412.325.369; 6.243.711.072.997 ;1.499.818;14.595
2015;mayo;RED MULTIBANCA COLPATRIA;3.155.309.495.557; 4.974.360.640.982 ;2.213.148;23.638
2015;junio;BANCO BOGOTA;2.279.558.578.213; 2.488.500.114.686 ;903.219;14.658
2015;junio;BANCO POPULAR;136.645.560.194; 108.900.908.720 ;84.626;345
2015;junio;BANCO CORPBANCA;678.377.956.298; 1.457.033.821.179 ;291.506;2.663
2015;junio;BANCOLOMBIA;3.092.745.634.165; 5.650.412.773.281 ;1.662.002;30.613
2015;junio;CITIBANK;1.893.337.121.681; 2.755.407.386.171 ;699.855;15.969
2015;junio;GNB SUDAMERIS;110.797.933.780; 252.378.615.655 ;30.517;844
2015;junio;BBVA COLOMBIA;1.462.685.152.987; 2.006.767.054.478 ;596.793;11.183
2015;junio;DE OCCIDENTE;1.157.305.681.049; 1.924.387.110.528 ;544.450;6.773
2015;junio;BCSC BANCO CAJA SOCIAL;276.145.314.726; 442.056.982.759 ;264.602;5.303
2015;junio;DAVIVIENDA;3.196.324.934.138; 6.246.808.427.620 ;1.495.813;17.267
2015;junio;RED MULTIBANCA COLPATRIA;3.194.766.773.304; 4.986.834.321.813 ;2.224.037;23.379
2015;julio;BANCO BOGOTA;2.291.884.970.237; 2.610.870.906.497 ;900.157;15.426
2015;julio;BANCO POPULAR;132.071.956.651; 108.869.462.729 ;83.855;1.588
2015;julio;BANCO CORPBANCA;675.038.944.227; 1.458.757.866.995 ;292.911;4.657
2015;julio;BANCOLOMBIA;3.208.826.193.112; 5.589.239.258.677 ;1.693.951;35.584
2015;julio;CITIBANK;1.874.624.184.480; 2.815.471.773.020 ;698.382;18.118
2015;julio;GNB SUDAMERIS;106.437.309.497; 249.188.301.985 ;30.163;1.016
2015;julio;BBVA COLOMBIA;1.463.012.587.180; 2.061.830.859.857 ;610.506;9.920
2015;julio;DE OCCIDENTE;1.175.974.039.542; 1.932.282.292.658 ;550.447;8.725
2015;julio;BCSC BANCO CAJA SOCIAL;280.924.055.261; 459.701.336.687 ;265.650;5.698
2015;julio;DAVIVIENDA;3.196.411.772.338; 6.261.996.117.980 ;1.486.249;20.499
2015;julio;RED MULTIBANCA COLPATRIA;3.179.476.397.766; 4.959.980.025.306 ;2.229.062;33.858
2015;agosto;BANCO BOGOTA;2.304.515.477.099; 2.644.974.245.466 ;924.955;12.944
2015;agosto;BANCO POPULAR;132.640.728.552; 110.385.578.778 ;84.240;279
2015;agosto;BANCO CORPBANCA;698.540.684.489; 1.442.962.040.709 ;293.883;2.519
2015;agosto;BANCOLOMBIA;3.188.611.059.530; 5.628.920.384.378 ;1.682.496;36.464
2015;agosto;CITIBANK;1.878.823.559.873; 2.822.232.334.977 ;702.012;15.640
2015;agosto;GNB SUDAMERIS;105.191.945.885; 248.336.688.614 ;28.920;684
2015;agosto;BBVA COLOMBIA;1.469.764.201.089; 2.072.685.178.339 ;624.881;9.496
2015;agosto;DE OCCIDENTE;1.180.285.967.456; 1.961.246.104.470 ;554.412;8.140
2015;agosto;BCSC BANCO CAJA SOCIAL;273.542.348.793; 460.300.814.376 ;265.493;5.398
2015;agosto;DAVIVIENDA;3.191.105.159.243; 6.274.305.288.030 ;1.497.916;20.834
2015;agosto;RED MULTIBANCA COLPATRIA;3.197.279.854.458; 4.772.811.861.125 ;2.227.202;32.792
2015;septiembre;BANCO BOGOTA;2.322.460.244.125; 2.681.506.860.310 ;935.448;18.294
2015;septiembre;BANCO POPULAR;133.406.402.252; 111.339.637.177 ;84.240;434
2015;septiembre;BANCO CORPBANCA;725.847.272.870; 1.438.287.646.138 ;295.690;3.092
2015;septiembre;BANCOLOMBIA;3.179.917.258.442; 5.588.858.249.466 ;1.706.070;34.691
2015;septiembre;CITIBANK;1.871.073.246.334; 2.840.926.831.964 ;697.942;18.898
2015;septiembre;GNB SUDAMERIS;105.759.947.522; 229.060.824.922 ;28.907;1.812
2015;septiembre;BBVA COLOMBIA;1.471.396.057.062; 2.133.520.009.682 ;631.512;10.247
2015;septiembre;DE OCCIDENTE;1.197.088.871.625; 1.953.356.782.521 ;560.549;9.202
2015;septiembre;BCSC BANCO CAJA SOCIAL;265.247.498.365; 464.043.164.822 ;265.714;5.912
2015;septiembre;DAVIVIENDA;3.159.772.081.450; 6.317.877.035.983 ;1.469.588;23.490
2015;septiembre;RED MULTIBANCA COLPATRIA;3.199.738.171.382; 4.915.658.949.518 ;2.225.677;32.024
2015;octubre;BANCO BOGOTA;1.563.073.088.079; 2.711.441.650.359 ;937.910;12.431
2015;octubre;BANCO POPULAR;133.193.859.053; 112.802.166.220 ;85.195;302
2015;octubre;BANCO CORPBANCA;385.487.253.664; 1.452.997.324.494 ;296.359;3.450
2015;octubre;BANCOLOMBIA;964.508.834.344; 5.754.122.309.585 ;1.716.610;34.448
2015;octubre;CITIBANK;1.129.356.355.554; 2.860.654.850.904 ;696.651;16.857
2015;octubre;GNB SUDAMERIS;77.180.599.552; 226.525.071.838 ;28.632;822
2015;octubre;BBVA COLOMBIA;962.123.078.647; 2.149.602.781.410 ;643.879;9.160
2015;octubre;DE OCCIDENTE;514.570.034.978; 1.972.761.873.687 ;564.827;9.246
2015;octubre;BCSC BANCO CAJA SOCIAL;173.264.424.147; 462.118.380.798 ;266.199;5.450
2015;octubre;DAVIVIENDA;1.404.258.620.338; 6.378.396.914.539 ;1.479.732;23.634
2015;octubre;RED MULTIBANCA COLPATRIA;1.278.405.486.662; 4.986.446.221.936 ;2.229.402;28.881
2015;noviembre;BANCO BOGOTA;2.407.381.625.046; 2.750.982.035.281 ;19.909;12.401
2015;noviembre;BANCO POPULAR;135.517.590.086; 113.571.091.673 ;779;217
2015;noviembre;BANCO CORPBANCA;710.411.415.596; 1.446.805.596.248 ;3.167;2.716
2015;noviembre;BANCOLOMBIA;3.285.699.082.585; 5.712.487.429.292 ;30.553;32.204
2015;noviembre;CITIBANK;1.879.515.272.272; 2.835.525.815.761 ;15.708;16.053
2015;noviembre;GNB SUDAMERIS;100.579.232.146; 224.837.338.651 ;34;482
2015;noviembre;BBVA COLOMBIA;1.543.903.322.636; 2.216.134.677.617 ;17.907;7.514
2015;noviembre;DE OCCIDENTE;1.239.576.335.354; 1.971.099.737.277 ;13.710;7.249
2015;noviembre;BCSC BANCO CAJA SOCIAL;266.957.443.410; 472.577.745.055 ;5.233;5.005
2015;noviembre;DAVIVIENDA;3.212.603.285.624; 6.316.635.350.874 ;23.696;33.189
2015;noviembre;RED MULTIBANCA COLPATRIA;3.252.019.969.493; 5.058.500.913.966 ;33.337;25.496
2015;diciembre;BANCO BOGOTA;2.432.533.102.682; 2.706.517.987.487 ;956.279;32.131
2015;diciembre;BANCO POPULAR;137.076.126.528; 127.014.328.446 ;86.328;267
2015;diciembre;BANCO CORPBANCA;698.987.370.337; 1.462.036.906.939 ;295.487;3.593
2015;diciembre;BANCOLOMBIA;3.294.701.995.381; 5.849.135.320.881 ;1.782.592;34.379
2015;diciembre;CITIBANK;1.854.304.796.703; 2.851.769.498.419 ;690.862;19.864
2015;diciembre;GNB SUDAMERIS;99.292.781.719; 225.950.352.257 ;28.343;513
2015;diciembre;BBVA COLOMBIA;1.563.188.813.103; 2.269.307.871.020 ;658.155;9.085
2015;diciembre;DE OCCIDENTE;1.237.208.089.171; 1.944.393.122.239 ;574.988;8.212
2015;diciembre;BCSC BANCO CAJA SOCIAL;264.473.205.283; 469.075.148.128 ;265.927;5.280
2015;diciembre;DAVIVIENDA;3.260.518.428.129; 6.333.680.152.478 ;1.464.061;33.129
2015;diciembre;RED MULTIBANCA COLPATRIA;3.350.872.568.412; 5.075.880.118.301 ;2.233.571;28.897
2016;Enero;BANCO BOGOTA;2.430.280.940.204; 2.733.079.610.612 ;939.011;9.891
2016;Enero;BANCO POPULAR;137.333.105.244; 126.916.536.464 ;86.569;376
2016;Enero;BANCO CORPBANCA;688.233.300.683; 1.463.570.789.383 ;293.607;2.507
2016;Enero;BANCOLOMBIA;3.330.545.263.725; 5.719.261.575.365 ;1.749.662;38.922
2016;Enero;CITIBANK;1.831.269.394.656; 2.841.483.383.214 ;684.176;21.217
2016;Enero;GNB SUDAMERIS;91.035.836.418; 227.936.397.997 ;27.727;464
2016;Enero;BBVA COLOMBIA;1.593.630.384.600; 2.214.396.963.389 ;675.290;8.358
2016;Enero;DE OCCIDENTE;1.240.136.834.732; 1.929.796.997.251 ;574.034;8.093
2016;Enero;BCSC BANCO CAJA SOCIAL;296.980.423.376; 459.948.030.177 ;265.184;4.783
2016;Enero;DAVIVIENDA;3.265.178.085.446; 6.339.884.583.787 ;1.450.899;26.617
2016;Enero;RED MULTIBANCA COLPATRIA;3.377.710.184.178; 5.046.347.533.603 ;2.232.954;29.342
2016;Febrero;BANCO BOGOTA;2.451.688.884.133; 2.745.450.678.109 ;905.127;12.056
2016;Febrero;BANCO POPULAR;138.721.539.581; 127.324.828.766 ;87.061;421
2016;Febrero;BANCO CORPBANCA;673.341.584.825; 1.467.960.521.863 ;290.324;5.738
2016;Febrero;BANCOLOMBIA;3.294.247.788.258; 5.759.890.371.559 ;1.748.505;42.829
2016;Febrero;CITIBANK;1.817.854.126.804; 2.861.536.642.021 ;682.621;16.167
2016;Febrero;GNB SUDAMERIS;97.604.954.827; 220.845.845.168 ;27.243;455
2016;Febrero;BBVA COLOMBIA;1.611.383.991.504; 2.245.652.829.252 ;687.206;9.046
2016;Febrero;DE OCCIDENTE;1.247.514.534.484; 2.040.939.631.092 ;576.776;7.403
2016;Febrero;BCSC BANCO CAJA SOCIAL;285.584.581.656; 465.818.170.311 ;265.845;5.260
2016;Febrero;DAVIVIENDA;3.286.304.136.590; 6.387.710.362.449 ;1.462.272;27.627
2016;Febrero;RED MULTIBANCA COLPATRIA;3.387.037.938.021; 5.204.182.553.071 ;2.237.345;32.461
2016;Marzo;BANCO BOGOTA;2.470.670.959.663; 2.861.007.735.002 ;937.971;15.014
2016;Marzo;BANCO POPULAR;141.117.757.111; 126.810.683.019 ;87.432;346
2016;Marzo;BANCO CORPBANCA;652.473.511.769; 1.483.101.244.516 ;291.578;2.361
2016;Marzo;BANCOLOMBIA;3.360.972.011.194; 5.922.427.800.864 ;1.763.646;34.049
2016;Marzo;CITIBANK;1.778.256.422.631; 2.880.069.159.812 ;678.830;17.962
2016;Marzo;GNB SUDAMERIS;95.386.546.580; 217.896.466.172 ;27.137;447
2016;Marzo;BBVA COLOMBIA;1.618.881.372.143; 2.275.058.800.523 ;695.422;8.169
2016;Marzo;DE OCCIDENTE;1.253.941.864.750; 2.003.921.867.548 ;578.445;7.950
2016;Marzo;BCSC BANCO CAJA SOCIAL;277.751.622.448; 484.341.258.508 ;265.641;5.446
2016;Marzo;DAVIVIENDA;3.327.144.628.780; 6.386.344.904.296 ;1.439.508;27.744
2016;Marzo;RED MULTIBANCA COLPATRIA;3.370.067.933.805; 5.227.424.560.194 ;2.238.493;30.250
2016;abril;BANCO BOGOTA;2.510.091.980.005; 2.826.753.292.239 ;941.910;16.103
2016;abril;BANCO POPULAR;144.082.146.354; 126.591.815.973 ;88.113;536
2016;abril;BANCO CORPBANCA;646.721.643.311; 1.499.406.900.456 ;291.810;3.174
2016;abril;BANCOLOMBIA;3.451.573.015.556; 5.919.440.588.121 ;1.765.196;35.455
2016;abril;CITIBANK;1.765.752.370.709; 2.885.403.094.562 ;672.366;19.114
2016;abril;GNB SUDAMERIS;95.316.336.146; 215.369.116.005 ;27.030;443
2016;abril;BBVA COLOMBIA;1.631.945.774.254; 2.293.857.042.587 ;702.522;9.385
2016;abril;DE OCCIDENTE;1.262.046.054.121; 2.006.086.999.340 ;580.998;8.311
2016;abril;BCSC BANCO CAJA SOCIAL;270.971.038.614; 483.795.340.517 ;265.579;6.084
2016;abril;DAVIVIENDA;3.383.013.888.148; 6.374.355.733.232 ;1.427.416;32.784
2016;abril;RED MULTIBANCA COLPATRIA;3.342.858.390.232; 5.269.573.653.547 ;2.258.102;32.228
2016;mayo;BANCO BOGOTA;2.495.605.704.139; 2.882.718.452.398 ;912.434;15.299
2016;mayo;BANCO POPULAR;221.516.534.196; 431.434.701.406 ;290.722;18.671
2016;mayo;BANCO CORPBANCA;648.804.119.221; 1.492.025.238.086 ;290.990;4.448
2016;mayo;BANCOLOMBIA;3.455.393.432.098; 5.812.731.245.125 ;1.757.977;37.541
2016;mayo;CITIBANK;1.762.183.112.117; 2.900.135.902.583 ;669.279;18.289
2016;mayo;GNB SUDAMERIS;95.901.215.278; 211.109.465.971 ;26.559;477
2016;mayo;BBVA COLOMBIA;1.652.848.687.301; 2.317.110.519.397 ;675.810;9.327
2016;mayo;DE OCCIDENTE;1.276.232.939.100; 2.026.663.061.272 ;583.768;7.846
2016;mayo;BCSC BANCO CAJA SOCIAL;284.881.656.640; 477.866.703.039 ;266.548;5.317
2016;mayo;DAVIVIENDA;3.484.569.109.600; 6.347.672.917.936 ;1.427.612;26.712
2016;mayo;RED MULTIBANCA COLPATRIA;3.394.569.068.262; 5.305.563.064.380 ;2.269.851;30.130
2016;junio;BANCO BOGOTA;2.484.383.478.423; 2.904.095.664.341 ;922.349;21.800
2016;junio;BANCO POPULAR;219.954.288.172; 433.034.774.466 ;487.556;6.412
2016;junio;BANCO CORPBANCA;630.667.786.090; 1.505.721.525.828 ;285.489;6.100
2016;junio;BANCOLOMBIA;3.919.071.096.061; 6.068.667.796.826 ;1.816.576;19.963
2016;junio;CITIBANK;1.746.936.856.957; 2.904.460.185.599 ;661.958;22.005
2016;junio;GNB SUDAMERIS;96.818.208.393; 209.375.462.995 ;26.798;388
2016;junio;BBVA COLOMBIA;1.654.659.330.196; 2.364.475.749.481 ;686.526;6.746
2016;junio;DE OCCIDENTE;1.280.696.902.807; 2.013.170.072.573 ;587.297;8.845
2016;junio;BCSC BANCO CAJA SOCIAL;276.394.592.015; 480.753.592.561 ;267.185;5.878
2016;junio;DAVIVIENDA;3.550.440.914.824; 6.352.081.637.560 ;1.425.737;26.895
2016;junio;RED MULTIBANCA COLPATRIA;3.426.934.610.614; 5.781.086.604.217 ;2.275.939;31.623
2016;julio;BANCO BOGOTA;2.471.643.548.105; 2.902.886.907.226 ;939.994;18.988
2016;julio;BANCO POPULAR;225.240.059.719; 427.659.598.990 ;484.812;5.432
2016;julio;BANCO CORPBANCA;622.388.797.027; 1.514.801.610.630 ;288.674;4.973
2016;julio;BANCOLOMBIA;3.959.833.649.530; 6.217.651.208.599 ;1.865.725;39.419
2016;julio;CITIBANK;1.728.423.070.710; 2.908.865.262.494 ;655.763;19.907
2016;julio;GNB SUDAMERIS;91.437.092.146; 208.065.821.079 ;25.985;390
2016;julio;BBVA COLOMBIA;1.643.672.176.222; 2.368.085.047.016 ;688.413;16.698
2016;julio;DE OCCIDENTE;1.285.065.690.411; 2.004.549.928.687 ;590.399;8.109
2016;julio;BCSC BANCO CAJA SOCIAL;271.513.456.607; 483.909.803.604 ;267.633;5.112
2016;julio;DAVIVIENDA;3.620.749.848.022; 6.351.449.710.792 ;1.393.926;32.874
2016;julio;RED MULTIBANCA COLPATRIA;3.458.460.349.445; 5.780.486.279.992 ;2.285.153;30.457
2016;agosto;BANCO BOGOTA;2.484.271.167.614; 2.907.431.844.623 ;948.282;20.307
2016;agosto;BANCO POPULAR;224.785.039.014; 424.764.681.247 ;286.287;4.940
2016;agosto;BANCO CORPBANCA;613.876.287.241; 1.521.873.018.718 ;288.211;3.703
2016;agosto;BANCOLOMBIA;3.989.868.737.472; 6.355.903.986.865 ;1.847.301;56.144
2016;agosto;CITIBANK;1.731.261.835.316; 2.911.676.618.359 ;651.831;21.056
2016;agosto;GNB SUDAMERIS;91.270.807.833; 202.259.826.533 ;25.721;473
2016;agosto;BBVA COLOMBIA;1.652.749.424.109; 2.382.105.258.633 ;691.483;13.479
2016;agosto;DE OCCIDENTE;1.303.980.648.790; 2.042.184.175.302 ;596.726;8.806
2016;agosto;BCSC BANCO CAJA SOCIAL;279.425.787.855; 481.739.171.242 ;268.126;5.928
2016;agosto;DAVIVIENDA;3.701.700.936.866; 6.346.277.075.336 ;1.391.700;24.625
2016;agosto;RED MULTIBANCA COLPATRIA;3.556.512.816.148; 5.765.586.978.150 ;2.308.002;28.929
2016;septiembre;BANCO BOGOTA;2.497.474.839.272; 2.926.424.046.023 ;931.329;20.577
2016;septiembre;BANCO POPULAR;226.935.724.188; 427.105.922.290 ;285.639;3.772
2016;septiembre;BANCO CORPBANCA;610.608.022.360; 1.531.360.752.970 ;282.441;3.530
2016;septiembre;BANCOLOMBIA;4.054.316.752.249; 6.319.982.404.771 ;1.893.206;69.006
2016;septiembre;CITIBANK;1.727.590.337.518; 2.904.471.548.485 ;647.957;20.272
2016;septiembre;GNB SUDAMERIS;93.572.956.324; 199.871.708.824 ;25.760;396
2016;septiembre;BBVA COLOMBIA;1.648.402.410.591; 2.427.981.367.057 ;699.931;10.854
2016;septiembre;DE OCCIDENTE;1.313.952.691.263; 2.007.778.741.626 ;600.803;9.644
2016;septiembre;BCSC BANCO CAJA SOCIAL;274.158.050.672; 486.531.679.420 ;269.329;5.857
2016;septiembre;DAVIVIENDA;3.738.260.180.263; 6.343.310.183.017 ;1.382.076;22.708
2016;septiembre;RED MULTIBANCA COLPATRIA;3.592.747.401.150; 5.637.107.124.729 ;2.315.296;30.656
2016;octubre;BANCO BOGOTA;2.510.147.009.060; 2.991.044.341.945 ;934.134;20.699
2016;octubre;BANCO POPULAR;226.994.345.481; 419.355.339.879 ;286.821;4.479
2016;octubre;BANCO CORPBANCA;602.811.243.735; 1.531.929.750.481 ;285.961;5.297
2016;octubre;BANCOLOMBIA;4.154.199.428.003; 6.425.736.254.188 ;1.913.400;34.780
2016;octubre;CITIBANK;1.734.171.170.366; 2.870.262.385.028 ;641.830;18.957
2016;octubre;GNB SUDAMERIS;93.210.742.477; 196.477.702.539 ;25.016;520
2016;octubre;BBVA COLOMBIA;1.669.147.595.202; 2.406.437.962.736 ;702.788;10.685
2016;octubre;DE OCCIDENTE;1.333.660.503.037; 2.008.760.332.780 ;605.700;7.416
2016;octubre;BCSC BANCO CAJA SOCIAL;287.380.619.580; 485.697.889.213 ;270.719;4.272
2016;octubre;DAVIVIENDA;3.798.048.106.412; 6.345.491.065.238 ;1.384.243;20.911
2016;octubre;RED MULTIBANCA COLPATRIA;3.651.851.778.691; 5.615.610.621.360 ;2.323.104;27.409
2016;noviembre;BANCO BOGOTA;2.543.927.692.320; 2.996.227.398.215 ;931.565;19.365
2016;noviembre;BANCO POPULAR;230.167.040.492; 458.920.179.892 ;283.108;4.639
2016;noviembre;BANCO CORPBANCA;600.468.762.546; 1.542.536.507.884 ;281.408;8.483
2016;noviembre;BANCOLOMBIA;4.345.199.884.348; 6.383.287.874.401 ;1.937.987;40.751
2016;noviembre;CITIBANK;1.762.380.482.716; 2.805.900.036.769 ;633.090;23.277
2016;noviembre;GNB SUDAMERIS;93.515.808.434; 193.861.455.235 ;24.650;419
2016;noviembre;BBVA COLOMBIA;1.697.625.731.243; 2.408.613.025.042 ;708.504;10.747
2016;noviembre;DE OCCIDENTE;1.364.304.842.127; 2.021.704.096.139 ;608.640;9.303
2016;noviembre;BCSC BANCO CAJA SOCIAL;280.707.626.931; 515.377.043.952 ;271.972;4.554
2016;noviembre;DAVIVIENDA;3.902.656.342.390; 6.293.936.133.328 ;1.403.581;22.143
2016;noviembre;RED MULTIBANCA COLPATRIA;3.722.326.744.430; 5.642.501.720.897 ;2.338.188;29.137
2016;diciembre;BANCO BOGOTA;2.574.997.239.153; 3.098.071.632.626 ;1.069.927;35.294
2016;diciembre;BANCO POPULAR;235.526.649.147; 455.383.669.291 ;255.149;32.134
2016;diciembre;BANCO CORPBANCA;595.327.719.540; 1.574.898.233.057 ;282.615;3.746
2016;diciembre;BANCOLOMBIA;4.320.723.990.531; 7.280.263.153.844 ;1.960.870;50.096
2016;diciembre;CITIBANK;1.729.424.040.644; 2.797.016.043.093 ;623.381;18.743
2016;diciembre;GNB SUDAMERIS;91.829.187.617; 194.572.190.670 ;24.971;396
2016;diciembre;BBVA COLOMBIA;1.701.361.972.465; 2.485.778.379.218 ;727.013;10.356
2016;diciembre;DE OCCIDENTE;1.352.701.666.047; 1.984.420.093.209 ;609.407;9.293
2016;diciembre;BCSC BANCO CAJA SOCIAL;302.061.437.488; 504.442.472.934 ;271.721;5.357
2016;diciembre;DAVIVIENDA;3.964.366.983.353; 6.346.180.152.772 ;1.411.073;23.844
2016;diciembre;RED MULTIBANCA COLPATRIA;3.810.371.313.909; 5.593.829.685.727 ;2.347.278;32.407
2017;Enero;BANCO BOGOTA;2.581.677.242.556; 3.104.893.575.996 ;1.064.805;24.569
2017;Enero;BANCO POPULAR;237.423.460.306; 450.808.150.206 ;252.405;4.189
2017;Enero;BANCO CORPBANCA;596.952.113.901; 1.564.674.904.183 ;279.616;4.165
2017;Enero;BANCOLOMBIA;4.357.298.049.607; 6.777.727.507.060 ;1.986.366;48.998
2017;Enero;CITIBANK;1.717.757.543.445; 2.741.335.125.175 ;608.942;22.599
2017;Enero;GNB SUDAMERIS;87.306.328.702; 195.838.415.273 ;24.626;267
2017;Enero;BBVA COLOMBIA;1.739.321.635.644; 2.419.120.011.454 ;716.899;11.064
2017;Enero;DE OCCIDENTE;1.353.084.814.965; 1.972.241.335.051 ;605.537;10.566
2017;Enero;BCSC BANCO CAJA SOCIAL;291.061.541.019; 503.834.565.289 ;250.852;25.719
2017;Enero;DAVIVIENDA;3.987.886.748.044; 6.371.438.724.760 ;1.412.247;26.508
2017;Enero;RED MULTIBANCA COLPATRIA;3.854.970.878.017; 5.471.713.819.601 ;2.336.271;36.463
2017;Febrero;BANCO BOGOTA;2.618.180.509.654; 3.083.151.367.542 ;920.962;20.069
2017;Febrero;BANCO POPULAR;237.733.298.993; 452.003.385.081 ;250.487;3.425
2017;Febrero;BANCO CORPBANCA;590.094.829.494; 1.572.794.921.556 ;279.460;4.723
2017;Febrero;BANCOLOMBIA;4.367.364.840.190; 7.033.236.844.522 ;1.985.398;46.287
2017;Febrero;CITIBANK;1.691.022.703.723; 2.729.983.708.693 ;600.647;18.603
2017;Febrero;GNB SUDAMERIS;89.833.198.778; 195.515.008.368 ;24.348;299
2017;Febrero;BBVA COLOMBIA;1.726.311.421.982; 2.447.034.000.190 ;707.228;8.093
2017;Febrero;DE OCCIDENTE;1.349.521.146.791; 2.019.742.746.563 ;606.697;8.495
2017;Febrero;BCSC BANCO CAJA SOCIAL;287.441.959.361; 507.748.609.205 ;251.258;5.253
2017;Febrero;DAVIVIENDA;3.987.886.748.044; 6.371.438.724.760 ;1.412.247;26.508
2017;Febrero;RED MULTIBANCA COLPATRIA;3.812.060.737.538; 5.482.139.961.921 ;2.332.437;32.501
2017;Marzo;BANCO BOGOTA;2.676.797.485.424; 3.155.266.195.863 ;1.067.586;26.088
2017;Marzo;BANCO POPULAR;239.816.916.076; 445.590.733.095 ;250.730;2.788
2017;Marzo;BANCO CORPBANCA;580.153.767.607; 1.544.271.571.377 ;279.604;4.506
2017;Marzo;BANCOLOMBIA;4.445.224.530.580; 7.293.402.057.244 ;2.003.920;59.156
2017;Marzo;CITIBANK;1.644.728.346.103; 2.751.760.583.157 ;592.493;20.273
2017;Marzo;GNB SUDAMERIS;87.084.588.763; 192.908.574.744 ;24.326;301
2017;Marzo;BBVA COLOMBIA;1.724.072.474.689; 2.492.288.402.567 ;709.164;11.766
2017;Marzo;DE OCCIDENTE;1.357.162.571.225; 2.003.924.505.191 ;609.211;8.542
2017;Marzo;BCSC BANCO CAJA SOCIAL;286.701.205.511; 511.318.741.893 ;252.726;5.141
2017;Marzo;DAVIVIENDA;4.022.755.052.420; 6.512.966.443.127 ;1.416.320;26.818
2017;Marzo;RED MULTIBANCA COLPATRIA;3.754.834.832.017; 5.649.567.840.500 ;2.329.513;28.029
2017;abril;BANCO BOGOTA;2.695.258.633.344; 3.093.675.438.030 ;1.068.086;15.885
2017;abril;BANCO POPULAR;243.270.524.627; 406.890.848.595 ;232.751;21.116
2017;abril;BANCO CORPBANCA;565.511.281.992; 1.459.121.795.264 ;283.216;5.954
2017;abril;BANCOLOMBIA;4.536.857.382.831; 7.466.107.372.704 ;1.988.974;48.871
2017;abril;CITIBANK;1.647.370.113.735; 2.737.511.316.347 ;586.332;18.472
2017;abril;GNB SUDAMERIS;88.140.426.095; 189.749.158.942 ;24.023;216
2017;abril;BBVA COLOMBIA;1.732.218.643.705; 2.497.899.120.554 ;710.773;10.620
2017;abril;DE OCCIDENTE;1.369.663.771.057; 2.063.471.345.584 ;608.815;8.270
2017;abril;BCSC BANCO CAJA SOCIAL;293.422.697.285; 507.835.930.449 ;252.883;5.666
2017;abril;DAVIVIENDA;4.073.211.297.897; 6.512.262.512.909 ;1.415.328;23.571
2017;abril;RED MULTIBANCA COLPATRIA;3.707.314.721.083; 5.661.769.890.851 ;2.318.930;34.203
2017;mayo;BANCO BOGOTA;2.686.936.657.654; 3.096.956.189.319 ;1.066.152;25.509
2017;mayo;BANCO POPULAR;247.695.326.228; 305.321.225.383 ;194.623;40.088
2017;mayo;BANCO CORPBANCA;560.273.692.917; 1.435.709.138.307 ;284.391;3.411
2017;mayo;BANCOLOMBIA;4.692.754.264.425; 7.628.538.187.325 ;2.044.877;51.142
2017;mayo;CITIBANK;1.654.658.855.163; 2.727.667.342.321 ;577.146;21.337
2017;mayo;GNB SUDAMERIS;88.795.216.114; 187.186.146.357 ;23.834;254
2017;mayo;BBVA COLOMBIA;1.758.778.067.842; 2.532.731.980.285 ;713.344;12.806
2017;mayo;DE OCCIDENTE;1.392.067.628.360; 2.097.682.885.948 ;612.950;8.261
2017;mayo;BCSC BANCO CAJA SOCIAL;289.912.256.835; 532.687.510.706 ;254.529;5.208
2017;mayo;DAVIVIENDA;4.117.603.824.172; 6.538.203.088.818 ;1.417.226;26.846
2017;mayo;RED MULTIBANCA COLPATRIA;3.690.023.078.087; 5.723.273.863.032 ;2.317.692;35.467
2017;junio;BANCO BOGOTA;2.680.236.838.298; 3.434.195.348.399 ;1.067.869;20.126
2017;junio;BANCO POPULAR;251.625.201.956; 306.019.787.561 ;196.160;3.625
2017;junio;BANCO CORPBANCA;550.801.567.426; 1.443.168.393.416 ;283.987;3.562
2017;junio;BANCOLOMBIA;4.782.819.117.997; 7.672.849.235.240 ;2.037.799;53.622
2017;junio;CITIBANK;1.652.200.062.176; 2.715.497.072.273 ;568.624;19.594
2017;junio;GNB SUDAMERIS;89.279.514.641; 186.293.669.529 ;23.609;269
2017;junio;BBVA COLOMBIA;1.764.078.953.254; 2.564.539.271.278 ;718.899;12.544
2017;junio;DE OCCIDENTE;1.404.025.911.836; 2.046.184.970.765 ;613.297;8.495
2017;junio;BCSC BANCO CAJA SOCIAL;293.318.217.006; 530.033.904.332 ;254.930;4.803
2017;junio;DAVIVIENDA;4.146.909.169.985; 6.580.047.403.851 ;1.418.658;25.823
2017;junio;RED MULTIBANCA COLPATRIA;3.688.801.199.033; 5.689.569.285.989 ;2.312.666;32.015
2017;julio;BANCO BOGOTA;2.669.161.826.320; 3.456.129.344.796 ;1.064.426;23.972
2017;julio;BANCO POPULAR;252.226.252.045; 310.030.534.797 ;198.516;3.004
2017;julio;BANCO CORPBANCA;540.741.178.433; 1.448.681.118.572 ;258.465;26.543
2017;julio;BANCOLOMBIA;4.810.458.785.675; 7.956.646.541.817 ;2.022.409;50.914
2017;julio;CITIBANK;1.641.442.305.737; 2.711.168.026.592 ;528.292;21.470
2017;julio;GNB SUDAMERIS;84.251.449.329; 186.556.545.173 ;23.418;275
2017;julio;BBVA COLOMBIA;1.756.773.545.998; 2.584.744.501.863 ;723.189;11.238
2017;julio;DE OCCIDENTE;1.392.247.384.165; 2.057.047.484.431 ;614.392;8.598
2017;julio;BCSC BANCO CAJA SOCIAL;297.399.882.880; 528.275.879.911 ;253.248;8.005
2017;julio;DAVIVIENDA;4.155.859.967.594; 6.622.326.647.170 ;1.419.651;25.819
2017;julio;RED MULTIBANCA COLPATRIA;3.707.361.704.802; 5.950.898.899.153 ;2.316.115;34.045
2017;agosto;BANCO BOGOTA;2.664.889.505.422; 3.540.138.684.763 ;1.066.110;23.005
2017;agosto;BANCO POPULAR;254.861.738.033; 320.492.292.741 ;198.763;3.681
2017;agosto;BANCO CORPBANCA;537.446.545.417; 1.450.025.173.225 ;257.543;3.357
2017;agosto;BANCOLOMBIA;4.692.675.461.992; 8.295.144.304.758 ;2.011.191;56.260
2017;agosto;CITIBANK;1.617.752.709.571; 2.712.006.327.055 ;519.175;25.494
2017;agosto;GNB SUDAMERIS;84.132.478.043; 186.696.093.140 ;23.328;293
2017;agosto;BBVA COLOMBIA;1.759.272.653.971; 2.612.692.033.698 ;721.695;11.407
2017;agosto;DE OCCIDENTE;1.391.404.847.649; 2.173.003.544.900 ;614.459;8.989
2017;agosto;BCSC BANCO CAJA SOCIAL;290.022.595.379; 532.099.799.625 ;253.923;5.224
2017;agosto;DAVIVIENDA;4.135.422.188.534; 6.686.939.393.262 ;1.419.962;26.853
2017;agosto;RED MULTIBANCA COLPATRIA;3.727.893.715.914; 5.918.084.939.452 ;2.306.733;35.780
2017;septiembre;BANCO BOGOTA;2.671.456.286.671; 3.592.291.683.135 ;1.069.470;23.231
2017;septiembre;BANCO POPULAR;257.613.325.666; 316.367.426.624 ;202.042;3.212
2017;septiembre;BANCO CORPBANCA;570.798.120.056; 1.445.335.584.493 ;257.162;3.158
2017;septiembre;BANCOLOMBIA;4.878.913.396.917; 8.360.336.594.279 ;2.066.173;67.753
2017;septiembre;CITIBANK;1.596.834.393.313; 2.734.145.723.604 ;529.620;20.462
2017;septiembre;GNB SUDAMERIS;83.513.732.128; 187.110.640.568 ;23.141;269
2017;septiembre;BBVA COLOMBIA;1.773.141.235.373; 2.598.977.644.735 ;713.577;12.140
2017;septiembre;DE OCCIDENTE;1.379.331.103.084; 2.171.556.451.372 ;611.618;10.931
2017;septiembre;BCSC BANCO CAJA SOCIAL;303.892.891.763; 531.781.813.801 ;255.955;4.666
2017;septiembre;DAVIVIENDA;4.137.008.791.888; 6.763.189.297.874 ;1.422.868;26.275
2017;septiembre;RED MULTIBANCA COLPATRIA;3.742.201.058.016; 6.076.461.050.774 ;2.291.948;44.899
2017;octubre;BANCO BOGOTA;2.707.002.454.890; 3.583.249.379.262 ;1.071.980;22.887
2017;octubre;BANCO POPULAR;260.857.528.628; 321.060.915.908 ;204.023;4.060
2017;octubre;BANCO CORPBANCA;572.719.803.242; 1.445.163.712.568 ;257.221;3.355
2017;octubre;BANCOLOMBIA;4.974.668.720.282; 8.577.334.482.721 ;2.084.848;63.732
2017;octubre;CITIBANK;1.582.082.763.887; 2.731.163.991.720 ;505.423;19.222
2017;octubre;GNB SUDAMERIS;79.456.506.147; 187.114.239.347 ;22.978;251
2017;octubre;BBVA COLOMBIA;1.777.135.134.668; 2.607.749.086.631 ;709.951;11.196
2017;octubre;DE OCCIDENTE;1.378.242.920.029; 2.173.571.193.714 ;611.931;9.466
2017;octubre;BCSC BANCO CAJA SOCIAL;292.828.992.383; 533.731.708.823 ;256.358;4.994
2017;octubre;DAVIVIENDA;4.160.885.861.643; 6.811.761.997.143 ;1.426.308;26.440
2017;octubre;RED MULTIBANCA COLPATRIA;3.768.132.093.924; 6.166.740.764.742 ;2.298.453;34.747
2017;noviembre;BANCO BOGOTA;2.760.000.886.828; 3.582.990.594.166 ;1.075.750;17.605
2017;noviembre;BANCO POPULAR;269.350.731.537; 345.631.512.711 ;207.616;2.745
2017;noviembre;BANCO CORPBANCA;584.174.122.082; 1.436.848.046.590 ;257.193;3.548
2017;noviembre;BANCOLOMBIA;5.168.542.490.525; 8.690.146.171.478 ;2.082.002;55.271
2017;noviembre;CITIBANK;1.601.003.824.747; 2.703.647.004.364 ;498.230;20.819
2017;noviembre;GNB SUDAMERIS;82.332.091.592; 185.861.338.164 ;22.732;259
2017;noviembre;BBVA COLOMBIA;1.815.858.054.922; 2.661.934.545.054 ;712.037;11.924
2017;noviembre;DE OCCIDENTE;1.392.413.713.005; 2.137.318.669.892 ;609.401;10.655
2017;noviembre;BCSC BANCO CAJA SOCIAL;289.385.851.944; 559.356.134.361 ;257.487;4.407
2017;noviembre;DAVIVIENDA;4.251.016.230.054; 6.791.737.765.033 ;1.431.933;24.126
2017;noviembre;RED MULTIBANCA COLPATRIA;3.838.040.494.894; 6.363.596.998.858 ;2.310.336;35.818
2017;diciembre;BANCO BOGOTA;2.775.106.049.607; 3.582.931.478.925 ;1.076.242;18.000
2017;diciembre;BANCO POPULAR;274.097.668.422; 340.256.306.405 ;201.668;11.445
2017;diciembre;BANCO CORPBANCA;575.440.669.893; 1.453.812.397.753 ;253.954;4.654
2017;diciembre;BANCOLOMBIA;5.094.651.500.462; 8.940.458.851.759 ;2.055.983;54.519
2017;diciembre;CITIBANK;1.575.630.285.540; 2.721.339.653.718 ;492.079;17.554
2017;diciembre;GNB SUDAMERIS;83.416.224.834; 187.011.191.599 ;22.454;241
2017;diciembre;BBVA COLOMBIA;1.793.731.224.831; 2.681.661.739.957 ;719.019;10.957
2017;diciembre;DE OCCIDENTE;1.357.085.903.248; 2.124.806.182.101 ;604.947;10.596
2017;diciembre;BCSC BANCO CAJA SOCIAL;308.519.324.378; 554.169.285.267 ;257.788;4.234
2017;diciembre;DAVIVIENDA;4.296.955.605.789; 6.898.948.074.571 ;1.436.494;21.706
2017;diciembre;RED MULTIBANCA COLPATRIA;3.898.058.511.638; 6.339.155.259.587 ;2.323.378;29.725
